{
    "accuracy": 0.9787657597876576,
    "precision": 0.9649890590809628,
    "recall": 0.8464491362763915,
    "f1_score": 0.901840490797546,
    "roc_auc": 0.9939560940499039,
    "confusion_matrix": [
        [
            3984,
            16
        ],
        [
            80,
            441
        ]
    ],
    "classification_report": {
        "0": {
            "precision": 0.9803149606299213,
            "recall": 0.996,
            "f1-score": 0.9880952380952381,
            "support": 4000.0
        },
        "1": {
            "precision": 0.9649890590809628,
            "recall": 0.8464491362763915,
            "f1-score": 0.901840490797546,
            "support": 521.0
        },
        "accuracy": 0.9787657597876576,
        "macro avg": {
            "precision": 0.9726520098554421,
            "recall": 0.9212245681381958,
            "f1-score": 0.9449678644463921,
            "support": 4521.0
        },
        "weighted avg": {
            "precision": 0.9785488038710167,
            "recall": 0.9787657597876576,
            "f1-score": 0.9781552417797996,
            "support": 4521.0
        }
    }
}